{
  "accuracy": 0.8668811321258545,
  "loss": 0.5510597229003906,
  "val_accuracy": 0.8109009861946106,
  "val_loss": 0.862055242061615,
  "epoch": 2,
  "global_step": 759
}