{
  "loss": 1613381.125,
  "mae": 1071.7388916015625,
  "val_loss": 1419786.75,
  "val_mae": 987.6239013671875,
  "epoch": 99,
  "global_step": 900
}