{
  "accuracy": 0.9146356582641602,
  "loss": 0.332341730594635,
  "val_accuracy": 0.8186874389648438,
  "val_loss": 0.8755388855934143,
  "epoch": 4,
  "global_step": 1265
}