{
  "loss": 708634.375,
  "mae": 705.8204345703125,
  "val_loss": 648538.25,
  "val_mae": 692.0171508789062,
  "epoch": 99,
  "global_step": 900
}